e4973db44081591e9bff5117946defbef6041397e56164f485cf8ec57b1d8934, FileHash
125e12c8045689bb2a5dcad6fa2644847156dec8b533ee8a3653b432f8fd5645, FileHash
1a234656f81e870cdeb0e648a6b305a41452c405cca21124de26b54f79d55ad0, FileHash
c326d1c65c72eb66f5f5c0a84b1dcf3e8a79b69fffbd7a6e232b813ffbb23254, FileHash
36efad0617db0d45de00cc4f3cf49af7c2d6b5b15ca456d13703b5d366c58431, FileHash
c67b03c0a91eaefffd2f2c79b5c26a2648b8d3c19a22cadf35453455ff08ead0, FileHash
e4973db44081591e9bff5117946defbef6041397e56164f485cf8ec57b1d8934, FileHash
58d6fec4ba24c32d38c9a0c7c39df3cb0e91f500b323e841121d703c7b718681, FileHash
e12b6641d7e7e4da97a0ff8e1a0d4840c882569d47b8fab8fb187ac2b475636c, FileHash
63d543945e33b4b6088dc34d0550213dc73ea6acce248d8353c63039e8fa284f, FileHash

